date,normalized_interest,normalized_interest,normalized_interest,normalized_interest,normalized_interest,normalized_interest,normalized_interest,normalized_interest,normalized_interest,normalized_interest,normalized_interest,normalized_interest,normalized_interest,normalized_interest,normalized_interest,CSI
2004-01-01,97.0,61.72839506172839,80.0,100.0,55.4054054054054,29.67032967032967,94.0,86.0,97.0,63.0,46.15384615384615,83.0,83.15789473684211,4.0,25.0,67.00772473521012
2004-02-01,96.0,69.1358024691358,79.0,98.0,63.51351351351351,31.868131868131865,87.0,86.0,100.0,68.0,44.61538461538462,100.0,88.42105263157895,5.0,21.0,69.1702590065163
2004-03-01,97.0,76.5432098765432,82.0,87.0,74.32432432432432,35.16483516483517,86.0,92.0,98.0,100.0,67.6923076923077,97.0,92.63157894736842,5.0,44.0,75.62375040035859
2004-04-01,100.0,71.60493827160494,91.0,91.0,71.62162162162163,47.25274725274725,100.0,100.0,92.0,95.0,63.07692307692307,87.0,95.78947368421052,5.0,100.0,80.68971359380717
2004-05-01,98.0,74.07407407407408,83.0,86.0,71.62162162162163,46.15384615384615,91.0,90.0,92.0,81.0,63.07692307692307,79.0,100.0,5.0,66.0,75.061764328431
2004-06-01,94.0,55.55555555555556,65.0,83.0,59.45945945945946,32.967032967032964,84.0,78.0,86.0,63.0,58.46153846153847,68.0,66.3157894736842,4.0,32.0,61.98395839448471
2004-07-01,95.0,51.85185185185185,54.0,88.0,48.64864864864865,26.373626373626376,80.0,68.0,92.0,56.00000000000001,52.307692307692314,68.0,51.578947368421055,3.0,21.0,57.050717770016014
2004-08-01,93.0,50.617283950617285,56.00000000000001,82.0,44.5945945945946,29.67032967032967,74.0,72.0,83.0,56.00000000000001,53.84615384615385,71.0,56.84210526315789,3.0,18.0,56.238031154990225
2004-09-01,96.0,60.49382716049383,97.0,82.0,51.35135135135135,40.65934065934066,81.0,88.0,84.0,85.0,72.3076923076923,64.0,77.89473684210526,3.0,20.0,66.84712988806557
2004-10-01,97.0,58.0246913580247,91.0,86.0,55.4054054054054,35.16483516483517,80.0,70.0,81.0,80.0,58.46153846153847,70.0,87.36842105263159,4.0,27.0,65.36165942949569
2004-11-01,89.0,69.1358024691358,87.0,86.0,54.054054054054056,38.46153846153847,82.0,72.0,76.0,75.0,58.46153846153847,64.0,84.21052631578947,4.0,32.0,64.75489731747042
2004-12-01,97.0,62.96296296296296,73.0,86.0,45.94594594594595,37.362637362637365,75.0,78.0,70.0,57.99999999999999,41.53846153846154,63.0,75.78947368421053,3.0,15.0,58.773298766281215
2005-01-01,89.0,60.49382716049383,63.0,88.0,47.2972972972973,36.26373626373626,74.0,62.0,73.0,47.0,41.53846153846154,57.99999999999999,73.68421052631578,3.0,12.0,55.21850218575364
2005-02-01,90.0,59.25925925925925,72.0,82.0,50.0,34.065934065934066,77.0,74.0,70.0,56.00000000000001,53.84615384615385,60.0,83.15789473684211,4.0,12.0,58.488616127212616
2005-03-01,85.0,58.0246913580247,74.0,83.0,56.75675675675676,36.26373626373626,75.0,64.0,75.0,52.0,44.61538461538462,59.0,81.05263157894737,3.0,12.0,57.24754670485665
2005-04-01,82.0,59.25925925925925,77.0,82.0,60.810810810810814,34.065934065934066,74.0,80.0,67.0,60.0,38.46153846153847,65.0,89.47368421052632,3.0,12.0,58.9380817872046
2005-05-01,92.0,64.19753086419753,72.0,81.0,64.86486486486487,35.16483516483517,74.0,80.0,71.0,52.0,36.92307692307693,54.0,96.84210526315789,3.0,11.0,59.199494205342155
2005-06-01,83.0,50.617283950617285,56.99999999999999,77.0,51.35135135135135,30.76923076923077,71.0,62.0,71.0,39.0,32.30769230769231,51.0,76.84210526315789,3.0,9.0,50.99251090946998
2005-07-01,85.0,100.0,51.0,84.0,45.94594594594595,32.967032967032964,74.0,50.0,69.0,70.0,100.0,62.0,65.26315789473685,3.0,9.0,60.07840912051439
2005-08-01,89.0,61.72839506172839,53.0,80.0,52.702702702702695,34.065934065934066,71.0,52.0,60.0,47.0,40.0,55.00000000000001,55.78947368421052,2.0,8.0,50.75243370097171
2005-09-01,98.0,50.617283950617285,60.0,83.0,72.97297297297297,29.67032967032967,72.0,50.0,59.0,49.0,40.0,54.0,65.26315789473685,3.0,9.0,53.03491629924379
2005-10-01,88.0,56.79012345679012,75.0,82.0,81.08108108108108,30.76923076923077,75.0,50.0,61.0,56.00000000000001,40.0,66.0,69.47368421052632,3.0,10.0,56.27427463450856
2005-11-01,92.0,53.086419753086425,71.0,80.0,70.27027027027027,34.065934065934066,80.0,52.0,55.00000000000001,63.0,43.07692307692308,55.00000000000001,74.73684210526315,3.0,10.0,55.749092618098466
2005-12-01,89.0,50.617283950617285,56.99999999999999,77.0,78.37837837837837,31.868131868131865,96.0,66.0,55.00000000000001,44.0,36.92307692307693,50.0,66.3157894736842,3.0,9.0,54.00684403959258
2006-01-01,86.0,49.382716049382715,57.99999999999999,74.0,78.37837837837837,100.0,75.0,54.0,59.0,36.0,33.84615384615385,47.0,70.52631578947368,3.0,9.0,55.542237604225896
2006-02-01,82.0,56.79012345679012,65.0,74.0,79.72972972972973,34.065934065934066,73.0,56.00000000000001,59.0,45.0,35.38461538461539,52.0,73.68421052631578,3.0,9.0,53.17697421089235
2006-03-01,79.0,55.55555555555556,62.0,69.0,89.1891891891892,32.967032967032964,66.0,52.0,57.99999999999999,49.0,33.84615384615385,55.00000000000001,76.84210526315789,3.0,9.0,52.69333578807263
2006-04-01,80.0,54.32098765432099,65.0,68.0,83.78378378378379,35.16483516483517,67.0,68.0,56.00000000000001,43.0,30.76923076923077,50.0,70.52631578947368,3.0,9.0,52.23767687744296
2006-05-01,78.0,54.32098765432099,61.0,67.0,100.0,34.065934065934066,65.0,68.0,52.0,45.0,30.76923076923077,47.0,75.78947368421053,3.0,9.0,52.66304174491309
2006-06-01,75.0,49.382716049382715,49.0,66.0,72.97297297297297,32.967032967032964,60.0,56.00000000000001,50.0,34.0,35.38461538461539,38.0,53.68421052631579,2.0,7.000000000000001,45.426103193354656
2006-07-01,78.0,49.382716049382715,52.0,65.0,67.56756756756756,31.868131868131865,62.0,90.0,48.0,28.999999999999996,36.92307692307693,41.0,53.68421052631579,2.0,7.000000000000001,47.561713528964994
2006-08-01,78.0,50.617283950617285,50.0,68.0,75.67567567567568,31.868131868131865,66.0,54.0,42.0,40.0,56.92307692307692,61.0,50.526315789473685,2.0,7.000000000000001,48.907365613798355
2006-09-01,79.0,46.913580246913575,53.0,68.0,82.43243243243244,42.857142857142854,60.0,48.0,42.0,51.0,43.07692307692308,55.00000000000001,57.89473684210527,2.0,7.000000000000001,49.21165436370115
2006-10-01,78.0,51.85185185185185,56.99999999999999,78.0,64.86486486486487,32.967032967032964,62.0,48.0,46.0,44.0,32.30769230769231,59.0,66.3157894736842,2.0,8.0,48.68714876434174
2006-11-01,75.0,44.44444444444444,57.99999999999999,65.0,63.51351351351351,32.967032967032964,64.0,54.0,40.0,43.0,27.692307692307693,54.0,77.89473684210526,2.0,7.000000000000001,47.234135697293596
2006-12-01,74.0,44.44444444444444,52.0,73.0,60.810810810810814,30.76923076923077,56.99999999999999,54.0,32.0,33.0,27.692307692307693,57.99999999999999,69.47368421052632,2.0,7.000000000000001,45.01269852848801
2007-01-01,68.0,46.913580246913575,52.0,66.0,62.16216216216216,32.967032967032964,59.0,54.0,39.0,28.999999999999996,23.076923076923077,47.0,63.1578947368421,2.0,7.000000000000001,43.41850621265826
2007-02-01,70.0,60.49382716049383,54.0,63.0,60.810810810810814,29.67032967032967,56.00000000000001,54.0,34.0,31.0,24.615384615384617,52.0,66.3157894736842,2.0,7.000000000000001,44.32707611538021
2007-03-01,70.0,55.55555555555556,55.00000000000001,62.0,63.51351351351351,29.67032967032967,55.00000000000001,57.99999999999999,35.0,33.0,24.615384615384617,53.0,68.42105263157895,2.0,7.000000000000001,44.78505573242416
2007-04-01,73.0,58.0246913580247,61.0,63.0,63.51351351351351,34.065934065934066,56.00000000000001,54.0,34.0,36.0,24.615384615384617,71.0,71.57894736842105,2.0,7.000000000000001,47.253231394751865
2007-05-01,66.0,56.79012345679012,57.99999999999999,66.0,67.56756756756756,36.26373626373626,56.00000000000001,57.99999999999999,36.0,34.0,27.692307692307693,60.0,71.57894736842105,2.0,7.000000000000001,46.85951215658818
2007-06-01,67.0,53.086419753086425,51.0,69.0,66.21621621621621,32.967032967032964,52.0,57.99999999999999,37.0,25.0,24.615384615384617,57.99999999999999,54.736842105263165,2.0,6.0,43.774793043798894
2007-07-01,72.0,54.32098765432099,64.0,65.0,66.21621621621621,38.46153846153847,55.00000000000001,42.0,38.0,28.999999999999996,30.76923076923077,61.0,49.473684210526315,2.0,6.0,44.88277715412218
2007-08-01,74.0,46.913580246913575,62.0,67.0,87.83783783783784,32.967032967032964,54.0,40.0,32.0,25.0,23.076923076923077,56.99999999999999,47.368421052631575,2.0,6.0,43.81091967875594
2007-09-01,69.0,56.79012345679012,100.0,83.0,68.91891891891892,30.76923076923077,50.0,44.0,33.0,31.0,27.692307692307693,65.0,58.94736842105262,2.0,6.0,48.40786328388667
2007-10-01,71.0,45.67901234567901,95.0,75.0,78.37837837837837,30.76923076923077,53.0,48.0,31.0,34.0,32.30769230769231,56.99999999999999,58.94736842105262,2.0,7.000000000000001,47.9387788148022
2007-11-01,70.0,46.913580246913575,76.0,66.0,71.62162162162163,34.065934065934066,53.0,46.0,30.0,35.0,49.23076923076923,60.0,63.1578947368421,4.0,7.000000000000001,47.46598666013871
2007-12-01,71.0,49.382716049382715,68.0,63.0,75.67567567567568,35.16483516483517,50.0,56.00000000000001,30.0,27.0,47.69230769230769,49.0,65.26315789473685,3.0,7.000000000000001,46.478579498462544
2008-01-01,70.0,45.67901234567901,65.0,59.0,74.32432432432432,35.16483516483517,52.0,46.0,28.000000000000004,26.0,43.07692307692308,47.0,60.0,3.0,6.0,44.016339660784105
2008-02-01,69.0,48.148148148148145,74.0,56.99999999999999,70.27027027027027,35.16483516483517,52.0,62.0,30.0,27.0,41.53846153846154,54.0,62.10526315789474,3.0,7.000000000000001,46.14846521864065
2008-03-01,82.0,49.382716049382715,67.0,59.0,72.97297297297297,34.065934065934066,52.0,52.0,30.0,28.000000000000004,40.0,66.0,65.26315789473685,3.0,7.000000000000001,47.17898539886844
2008-04-01,66.0,46.913580246913575,64.0,52.0,71.62162162162163,32.967032967032964,52.0,52.0,27.0,30.0,36.92307692307693,63.0,66.3157894736842,3.0,7.000000000000001,44.716073415488616
2008-05-01,66.0,49.382716049382715,57.99999999999999,48.0,71.62162162162163,35.16483516483517,49.0,56.00000000000001,27.0,30.0,38.46153846153847,51.0,64.21052631578948,2.0,7.000000000000001,43.522749174211164
2008-06-01,69.0,44.44444444444444,49.0,51.0,62.16216216216216,31.868131868131865,47.0,46.0,28.000000000000004,21.0,38.46153846153847,48.0,53.68421052631579,2.0,6.0,39.84136583083952
2008-07-01,68.0,53.086419753086425,47.0,48.0,64.86486486486487,31.868131868131865,50.0,50.0,33.0,18.0,41.53846153846154,45.0,50.526315789473685,2.0,6.0,40.59227958760122
2008-08-01,69.0,44.44444444444444,57.99999999999999,48.0,60.810810810810814,30.76923076923077,50.0,46.0,25.0,19.0,38.46153846153847,45.0,52.63157894736842,2.0,6.0,39.674506895559524
2008-09-01,67.0,50.617283950617285,55.00000000000001,44.0,58.108108108108105,30.76923076923077,50.0,46.0,25.0,27.0,41.53846153846154,45.0,55.78947368421052,2.0,6.0,40.25483720337522
2008-10-01,68.0,48.148148148148145,62.0,60.0,62.16216216216216,34.065934065934066,49.0,52.0,24.0,30.0,53.84615384615385,51.0,63.1578947368421,3.0,7.000000000000001,44.49201953061603
2008-11-01,66.0,49.382716049382715,60.0,53.0,59.45945945945946,36.26373626373626,50.0,52.0,22.0,33.0,66.15384615384615,47.0,82.10526315789474,4.0,8.0,45.89100140562129
2008-12-01,68.0,54.32098765432099,53.0,62.0,56.75675675675676,34.065934065934066,48.0,52.0,22.0,36.0,61.53846153846154,44.0,72.63157894736842,4.0,7.000000000000001,45.02091459752278
2009-01-01,67.0,50.617283950617285,62.0,59.0,58.108108108108105,35.16483516483517,51.0,48.0,24.0,28.999999999999996,40.0,44.0,69.47368421052632,4.0,7.000000000000001,43.22426076227246
2009-02-01,67.0,49.382716049382715,56.99999999999999,52.0,56.75675675675676,35.16483516483517,50.0,46.0,24.0,27.0,33.84615384615385,45.0,69.47368421052632,5.0,7.000000000000001,41.641609735176985
2009-03-01,70.0,51.85185185185185,59.0,54.0,66.21621621621621,37.362637362637365,52.0,54.0,23.0,28.000000000000004,33.84615384615385,52.0,73.68421052631578,6.0,8.0,44.597404653545
2009-04-01,67.0,50.617283950617285,56.00000000000001,66.0,62.16216216216216,38.46153846153847,50.0,66.0,23.0,30.0,35.38461538461539,48.0,63.1578947368421,7.000000000000001,8.0,44.718899646385026
2009-05-01,68.0,54.32098765432099,55.00000000000001,78.0,68.91891891891892,32.967032967032964,49.0,57.99999999999999,24.0,27.0,32.30769230769231,45.0,68.42105263157895,12.0,8.0,45.39571229863627
2009-06-01,68.0,49.382716049382715,46.0,68.0,55.4054054054054,35.16483516483517,45.0,57.99999999999999,22.0,22.0,27.692307692307693,43.0,55.78947368421052,10.0,7.000000000000001,40.8289825330761
2009-07-01,66.0,49.382716049382715,40.0,70.0,52.702702702702695,37.362637362637365,47.0,46.0,23.0,18.0,27.692307692307693,38.0,50.526315789473685,12.0,7.000000000000001,38.97777863976694
2009-08-01,70.0,51.85185185185185,42.0,62.0,54.054054054054056,36.26373626373626,51.0,38.0,21.0,19.0,29.230769230769234,42.0,51.578947368421055,13.0,7.000000000000001,39.19862391792217
2009-09-01,63.0,50.617283950617285,50.0,54.0,52.702702702702695,36.26373626373626,49.0,50.0,20.0,23.0,35.38461538461539,44.0,54.736842105263165,16.0,7.000000000000001,40.380345360462314
2009-10-01,66.0,54.32098765432099,52.0,53.0,51.35135135135135,39.56043956043956,49.0,52.0,20.0,25.0,32.30769230769231,43.0,54.736842105263165,24.0,8.0,41.618487531937824
2009-11-01,70.0,54.32098765432099,56.00000000000001,54.0,56.75675675675676,43.956043956043956,51.0,46.0,31.0,28.000000000000004,36.92307692307693,43.0,58.94736842105262,100.0,9.0,49.26028224741675
2009-12-01,69.0,60.49382716049383,47.0,57.99999999999999,52.702702702702695,36.26373626373626,47.0,52.0,31.0,24.0,44.61538461538462,40.0,60.0,57.99999999999999,8.0,45.871710049487824
2010-01-01,69.0,58.0246913580247,46.0,54.0,50.0,36.26373626373626,50.0,46.0,33.0,26.0,40.0,46.0,56.84210526315789,47.0,8.0,44.40870219232793
2010-02-01,65.0,55.55555555555556,48.0,50.0,48.64864864864865,51.64835164835166,48.0,52.0,35.0,26.0,33.84615384615385,50.0,61.05263157894737,37.0,8.0,44.65008941851047
2010-03-01,66.0,64.19753086419753,51.0,46.0,52.702702702702695,36.26373626373626,48.0,48.0,32.0,26.0,27.692307692307693,46.0,68.42105263157895,33.0,8.0,43.551822010301535
2010-04-01,64.0,59.25925925925925,50.0,46.0,55.4054054054054,37.362637362637365,46.0,52.0,34.0,25.0,29.230769230769234,48.0,66.3157894736842,27.0,8.0,43.171590715450364
2010-05-01,64.0,72.8395061728395,50.0,48.0,58.108108108108105,39.56043956043956,47.0,54.0,32.0,28.000000000000004,36.92307692307693,47.0,64.21052631578948,25.0,9.0,45.042777138683576
2010-06-01,64.0,58.0246913580247,44.0,41.0,47.2972972972973,38.46153846153847,46.0,42.0,32.0,19.0,26.153846153846157,37.0,55.78947368421052,22.0,7.000000000000001,38.64845646366114
2010-07-01,62.0,59.25925925925925,37.0,42.0,43.24324324324324,37.362637362637365,45.0,38.0,28.000000000000004,16.0,23.076923076923077,36.0,51.578947368421055,19.0,7.000000000000001,36.3014006873656
2010-08-01,68.0,56.79012345679012,38.0,44.0,43.24324324324324,42.857142857142854,46.0,40.0,27.0,18.0,29.230769230769234,36.0,51.578947368421055,18.0,7.000000000000001,37.71334841042444
2010-09-01,61.0,54.32098765432099,43.0,41.0,47.2972972972973,38.46153846153847,45.0,42.0,27.0,22.0,29.230769230769234,42.0,52.63157894736842,16.0,7.000000000000001,37.86281143941962
2010-10-01,62.0,53.086419753086425,46.0,44.0,51.35135135135135,40.65934065934066,48.0,40.0,25.0,23.0,30.76923076923077,50.0,52.63157894736842,15.0,8.0,39.299861432025175
2010-11-01,63.0,58.0246913580247,48.0,40.0,55.4054054054054,42.857142857142854,49.0,90.0,26.0,24.0,29.230769230769234,47.0,54.736842105263165,15.0,9.0,43.41699006377369
2010-12-01,65.0,59.25925925925925,39.0,41.0,44.5945945945946,47.25274725274725,47.0,46.0,24.0,19.0,29.230769230769234,36.0,56.84210526315789,13.0,7.000000000000001,38.27863170670188
2011-01-01,63.0,56.79012345679012,40.0,41.0,44.5945945945946,57.14285714285714,46.0,42.0,24.0,20.0,23.076923076923077,40.0,55.78947368421052,13.0,7.000000000000001,38.22626479702503
2011-02-01,59.0,51.85185185185185,45.0,37.0,43.24324324324324,39.56043956043956,43.0,42.0,22.0,19.0,23.076923076923077,47.0,51.578947368421055,12.0,7.000000000000001,36.15409367339192
2011-03-01,63.0,61.72839506172839,49.0,39.0,74.32432432432432,39.56043956043956,47.0,68.0,31.0,20.0,23.076923076923077,50.0,55.78947368421052,12.0,7.000000000000001,42.69863704717506
2011-04-01,61.0,56.79012345679012,46.0,42.0,75.67567567567568,41.75824175824176,49.0,50.0,25.0,21.0,24.615384615384617,42.0,58.94736842105262,12.0,7.000000000000001,40.85245292847632
2011-05-01,61.0,59.25925925925925,46.0,42.0,54.054054054054056,73.62637362637363,45.0,46.0,23.0,28.000000000000004,36.92307692307693,48.0,54.736842105263165,19.0,6.0,42.839973731201795
2011-06-01,61.0,51.85185185185185,38.0,40.0,51.35135135135135,42.857142857142854,44.0,46.0,25.0,17.0,21.53846153846154,35.0,49.473684210526315,16.0,6.0,36.33816612062226
2011-07-01,60.0,59.25925925925925,34.0,41.0,50.0,45.05494505494506,41.0,36.0,22.0,18.0,29.230769230769234,34.0,46.31578947368421,15.0,6.0,35.79071753457718
2011-08-01,61.0,54.32098765432099,36.0,38.0,47.2972972972973,46.15384615384615,44.0,38.0,22.0,16.0,21.53846153846154,37.0,48.421052631578945,16.0,7.000000000000001,35.515443018366994
2011-09-01,64.0,53.086419753086425,43.0,36.0,45.94594594594595,41.75824175824176,42.0,40.0,21.0,23.0,36.92307692307693,57.99999999999999,56.84210526315789,17.0,7.000000000000001,39.03705264290059
2011-10-01,60.0,51.85185185185185,47.0,37.0,50.0,52.74725274725275,42.0,40.0,23.0,19.0,24.615384615384617,40.0,55.78947368421052,20.0,7.000000000000001,38.00026419324664
2011-11-01,61.0,60.49382716049383,42.0,38.0,44.5945945945946,43.956043956043956,45.0,44.0,25.0,20.0,23.076923076923077,40.0,53.68421052631579,49.0,8.0,39.853706620958086
2011-12-01,62.0,66.66666666666666,37.0,37.0,41.891891891891895,45.05494505494506,45.0,46.0,23.0,17.0,24.615384615384617,34.0,53.68421052631579,25.0,8.0,37.7275399170136
2012-01-01,59.0,62.96296296296296,36.0,44.0,41.891891891891895,45.05494505494506,46.0,44.0,21.0,16.0,21.53846153846154,35.0,51.578947368421055,18.0,7.000000000000001,36.60181392111217
2012-02-01,57.99999999999999,58.0246913580247,42.0,38.0,43.24324324324324,45.05494505494506,45.0,44.0,21.0,17.0,20.0,39.0,53.68421052631579,15.0,7.000000000000001,36.40047267883526
2012-03-01,56.99999999999999,62.96296296296296,42.0,38.0,45.94594594594595,48.35164835164835,42.0,52.0,20.0,17.0,20.0,39.0,51.578947368421055,12.0,7.000000000000001,36.98930030859856
2012-04-01,57.99999999999999,62.96296296296296,44.0,38.0,48.64864864864865,45.05494505494506,43.0,80.0,20.0,17.0,20.0,44.0,52.63157894736842,11.0,7.000000000000001,39.41987570759501
2012-05-01,57.99999999999999,56.79012345679012,41.0,39.0,50.0,48.35164835164835,45.0,57.99999999999999,20.0,19.0,21.53846153846154,37.0,49.473684210526315,10.0,7.000000000000001,37.34359450382842
2012-06-01,60.0,53.086419753086425,34.0,37.0,50.0,43.956043956043956,44.0,42.0,19.0,13.0,18.461538461538463,31.0,45.26315789473684,9.0,7.000000000000001,33.78447733769371
2012-07-01,55.00000000000001,56.79012345679012,32.0,37.0,43.24324324324324,48.35164835164835,43.0,44.0,20.0,14.000000000000002,21.53846153846154,34.0,43.15789473684211,9.0,7.000000000000001,33.87209142179903
2012-08-01,59.0,49.382716049382715,34.0,40.0,48.64864864864865,48.35164835164835,43.0,38.0,20.0,13.0,21.53846153846154,34.0,40.0,8.0,7.000000000000001,33.59476497254275
2012-09-01,60.0,54.32098765432099,44.0,46.0,45.94594594594595,52.74725274725275,45.0,38.0,20.0,18.0,30.76923076923077,52.0,46.31578947368421,7.000000000000001,7.000000000000001,37.80661377269564
2012-10-01,59.0,53.086419753086425,45.0,82.0,44.5945945945946,51.64835164835166,46.0,46.0,19.0,17.0,27.692307692307693,45.0,47.368421052631575,8.0,7.000000000000001,39.89267298273146
2012-11-01,59.0,51.85185185185185,51.0,51.0,41.891891891891895,48.35164835164835,48.0,46.0,24.0,17.0,26.153846153846157,38.0,51.578947368421055,8.0,8.0,37.988545707843954
2012-12-01,59.0,58.0246913580247,35.0,46.0,41.891891891891895,58.24175824175825,43.0,52.0,21.0,13.0,23.076923076923077,48.0,49.473684210526315,8.0,9.0,37.64726325194162
2013-01-01,57.99999999999999,49.382716049382715,39.0,45.0,44.5945945945946,48.35164835164835,45.0,42.0,20.0,14.000000000000002,21.53846153846154,38.0,46.31578947368421,7.000000000000001,10.0,35.212214000518095
2013-02-01,56.99999999999999,59.25925925925925,40.0,39.0,50.0,50.54945054945055,43.0,46.0,21.0,17.0,21.53846153846154,39.0,51.578947368421055,6.0,8.0,36.5950745810395
2013-03-01,62.0,56.79012345679012,46.0,37.0,50.0,48.35164835164835,46.0,50.0,23.0,16.0,20.0,44.0,62.10526315789474,6.0,8.0,38.34980233108888
2013-04-01,57.99999999999999,123.45679012345678,46.0,41.0,51.35135135135135,50.54945054945055,43.0,84.0,32.0,31.0,56.92307692307692,73.0,55.78947368421052,5.0,8.0,50.60467617543642
2013-05-01,57.99999999999999,54.32098765432099,40.0,39.0,51.35135135135135,52.74725274725275,43.0,56.00000000000001,19.0,22.0,38.46153846153847,40.0,50.526315789473685,5.0,7.000000000000001,38.42716306692915
2013-06-01,57.99999999999999,45.67901234567901,34.0,42.0,51.35135135135135,49.45054945054945,40.0,38.0,18.0,14.000000000000002,20.0,34.0,53.68421052631579,6.0,7.000000000000001,34.07767491159304
2013-07-01,60.0,50.617283950617285,43.0,41.0,41.891891891891895,56.043956043956044,42.0,34.0,17.0,12.0,20.0,31.0,48.421052631578945,5.0,7.000000000000001,33.93161230120295
2013-08-01,57.99999999999999,48.148148148148145,50.0,43.0,40.54054054054054,52.74725274725275,42.0,42.0,17.0,13.0,24.615384615384617,41.0,45.26315789473684,5.0,8.0,35.35429892973753
2013-09-01,55.00000000000001,46.913580246913575,54.0,38.0,37.83783783783784,46.15384615384615,41.0,48.0,17.0,16.0,29.230769230769234,40.0,53.68421052631579,5.0,8.0,35.72134959971218
2013-10-01,56.00000000000001,45.67901234567901,47.0,39.0,39.189189189189186,48.35164835164835,40.0,34.0,16.0,16.0,24.615384615384617,37.0,46.31578947368421,5.0,6.0,33.34340159837236
2013-11-01,56.00000000000001,48.148148148148145,46.0,47.0,39.189189189189186,53.84615384615385,44.0,40.0,18.0,17.0,21.53846153846154,37.0,45.26315789473684,5.0,7.000000000000001,34.99900737444597
2013-12-01,56.99999999999999,51.85185185185185,39.0,43.0,39.189189189189186,50.54945054945055,43.0,36.0,16.0,15.0,33.84615384615385,34.0,44.21052631578947,5.0,7.000000000000001,34.30981145016233
2014-01-01,55.00000000000001,46.913580246913575,42.0,42.0,40.54054054054054,50.54945054945055,43.0,38.0,16.0,15.0,21.53846153846154,34.0,44.21052631578947,5.0,7.000000000000001,33.38350394607705
2014-02-01,55.00000000000001,45.67901234567901,47.0,43.0,44.5945945945946,53.84615384615385,44.0,36.0,16.0,17.0,21.53846153846154,40.0,44.21052631578947,6.0,6.0,34.65791657604523
2014-03-01,54.0,48.148148148148145,46.0,45.0,50.0,46.15384615384615,44.0,46.0,18.0,17.0,24.615384615384617,39.0,45.26315789473684,8.0,7.000000000000001,35.87870245414105
2014-04-01,56.00000000000001,51.85185185185185,45.0,50.0,47.2972972972973,56.043956043956044,43.0,42.0,19.0,16.0,21.53846153846154,45.0,44.21052631578947,6.0,7.000000000000001,36.662806203157075
2014-05-01,56.99999999999999,55.55555555555556,45.0,52.0,48.64864864864865,57.14285714285714,44.0,44.0,18.0,18.0,21.53846153846154,39.0,45.26315789473684,10.0,7.000000000000001,37.47657871868398
2014-06-01,56.00000000000001,49.382716049382715,37.0,72.0,47.2972972972973,49.45054945054945,41.0,36.0,16.0,14.000000000000002,26.153846153846157,33.0,40.0,8.0,6.0,35.41896059673838
2014-07-01,56.99999999999999,50.617283950617285,55.00000000000001,56.99999999999999,44.5945945945946,51.64835164835166,44.0,86.0,17.0,14.000000000000002,26.153846153846157,34.0,41.05263157894737,8.0,7.000000000000001,39.5377805284238
2014-08-01,61.0,49.382716049382715,44.0,52.0,40.54054054054054,59.34065934065934,42.0,44.0,17.0,15.0,33.84615384615385,48.0,43.15789473684211,11.0,7.000000000000001,37.81786430090524
2014-09-01,56.99999999999999,45.67901234567901,47.0,45.0,43.24324324324324,56.043956043956044,40.0,44.0,17.0,23.0,44.61538461538462,68.0,42.10526315789473,9.0,7.000000000000001,39.24579062707718
2014-10-01,57.99999999999999,45.67901234567901,47.0,47.0,41.891891891891895,50.54945054945055,40.0,40.0,16.0,21.0,30.76923076923077,53.0,43.15789473684211,14.000000000000002,7.000000000000001,37.00316535287296
2014-11-01,55.00000000000001,45.67901234567901,46.0,42.0,45.94594594594595,52.74725274725275,42.0,36.0,16.0,17.0,23.076923076923077,43.0,46.31578947368421,42.0,7.000000000000001,37.31766157263234
2014-12-01,62.0,56.79012345679012,38.0,43.0,44.5945945945946,62.637362637362635,42.0,40.0,16.0,22.0,41.53846153846154,47.0,46.31578947368421,23.0,7.000000000000001,39.45842211339287
2015-01-01,55.00000000000001,53.086419753086425,41.0,48.0,40.54054054054054,59.34065934065934,44.0,36.0,17.0,31.0,60.0,47.0,45.26315789473684,19.0,7.000000000000001,40.21538516860155
2015-02-01,56.00000000000001,49.382716049382715,47.0,42.0,40.54054054054054,67.03296703296702,42.0,42.0,23.0,26.0,33.84615384615385,55.00000000000001,46.31578947368421,16.0,7.000000000000001,39.541211129515226
2015-03-01,55.00000000000001,49.382716049382715,47.0,41.0,43.24324324324324,49.45054945054945,41.0,42.0,18.0,22.0,26.153846153846157,46.0,48.421052631578945,13.0,7.000000000000001,36.5767605019067
2015-04-01,54.0,54.32098765432099,44.0,40.0,44.5945945945946,56.043956043956044,41.0,46.0,18.0,21.0,26.153846153846157,51.0,51.578947368421055,11.0,7.000000000000001,37.71282212100925
2015-05-01,55.00000000000001,50.617283950617285,44.0,38.0,44.5945945945946,52.74725274725275,44.0,44.0,19.0,19.0,23.076923076923077,45.0,52.63157894736842,10.0,7.000000000000001,36.57784222111707
2015-06-01,56.00000000000001,51.85185185185185,38.0,39.0,35.13513513513514,51.64835164835166,41.0,38.0,18.0,20.0,35.38461538461539,42.0,44.21052631578947,10.0,7.000000000000001,35.14869868904957
2015-07-01,56.00000000000001,55.55555555555556,32.0,38.0,35.13513513513514,57.14285714285714,43.0,40.0,18.0,17.0,36.92307692307693,47.0,42.10526315789473,9.0,7.000000000000001,35.59079252763463
2015-08-01,57.99999999999999,62.96296296296296,33.0,44.0,37.83783783783784,62.637362637362635,43.0,38.0,20.0,16.0,27.692307692307693,38.0,45.26315789473684,9.0,7.000000000000001,36.1595752683472
2015-09-01,57.99999999999999,49.382716049382715,46.0,39.0,37.83783783783784,52.74725274725275,39.0,40.0,18.0,17.0,27.692307692307693,49.0,49.473684210526315,8.0,7.000000000000001,35.87558656915382
2015-10-01,60.0,49.382716049382715,46.0,38.0,40.54054054054054,51.64835164835166,40.0,50.0,18.0,19.0,26.153846153846157,57.99999999999999,47.368421052631575,8.0,6.0,37.206258362983505
2015-11-01,56.00000000000001,70.37037037037037,46.0,38.0,39.189189189189186,56.043956043956044,46.0,70.0,28.999999999999996,52.0,153.84615384615387,94.0,51.578947368421055,8.0,8.0,54.535241121206035
2015-12-01,66.0,67.90123456790124,39.0,41.0,37.83783783783784,50.54945054945055,43.0,48.0,24.0,39.0,61.53846153846154,73.0,49.473684210526315,8.0,8.0,43.753377913611835
2016-01-01,59.0,64.19753086419753,41.0,41.0,37.83783783783784,51.64835164835166,43.0,40.0,20.0,28.999999999999996,46.15384615384615,52.0,50.526315789473685,8.0,7.000000000000001,39.35759215291378
2016-02-01,56.00000000000001,53.086419753086425,47.0,42.0,44.5945945945946,53.84615384615385,42.0,48.0,22.0,23.0,30.76923076923077,53.0,50.526315789473685,8.0,6.0,38.65484765016929
2016-03-01,52.0,58.0246913580247,44.0,35.0,40.54054054054054,52.74725274725275,42.0,46.0,20.0,31.0,55.38461538461539,57.99999999999999,52.63157894736842,8.0,6.0,40.08857859852012
2016-04-01,54.0,50.617283950617285,45.0,35.0,41.891891891891895,59.34065934065934,43.0,46.0,19.0,25.0,32.30769230769231,51.0,63.1578947368421,7.000000000000001,7.000000000000001,38.62102814851353
2016-05-01,57.99999999999999,51.85185185185185,44.0,35.0,40.54054054054054,60.43956043956044,45.0,50.0,18.0,23.0,30.76923076923077,46.0,82.10526315789474,10.0,7.000000000000001,40.11376311727189
2016-06-01,60.0,49.382716049382715,34.0,36.0,36.486486486486484,70.32967032967034,40.0,40.0,17.0,28.000000000000004,55.38461538461539,48.0,50.526315789473685,7.000000000000001,7.000000000000001,38.60732026930857
2016-07-01,59.0,53.086419753086425,28.999999999999996,35.0,32.432432432432435,80.21978021978022,45.0,36.0,16.0,30.0,73.84615384615385,44.0,43.15789473684211,6.0,6.0,39.24951206588633
2016-08-01,56.00000000000001,46.913580246913575,32.0,32.0,40.54054054054054,54.94505494505495,38.0,36.0,16.0,20.0,30.76923076923077,41.0,43.15789473684211,6.0,6.0,33.28842008257213
2016-09-01,65.0,60.49382716049383,45.0,32.0,35.13513513513514,60.43956043956044,42.0,42.0,17.0,26.0,43.07692307692308,53.0,48.421052631578945,7.000000000000001,6.0,38.83776656291276
2016-10-01,68.0,54.32098765432099,44.0,32.0,35.13513513513514,54.94505494505495,41.0,52.0,20.0,24.0,33.84615384615385,56.99999999999999,51.578947368421055,12.0,6.0,39.055085263272396
2016-11-01,62.0,48.148148148148145,42.0,36.0,35.13513513513514,50.54945054945055,45.0,40.0,20.0,25.0,30.76923076923077,51.0,50.526315789473685,21.0,6.0,37.541885359429216
2016-12-01,68.0,55.55555555555556,40.0,35.0,37.83783783783784,51.64835164835166,42.0,38.0,17.0,22.0,36.92307692307693,43.0,47.368421052631575,14.000000000000002,6.0,36.9555495344969
2017-01-01,60.0,50.617283950617285,41.0,34.0,37.83783783783784,52.74725274725275,44.0,46.0,17.0,25.0,41.53846153846154,45.0,47.368421052631575,10.0,6.0,37.207283808453404
2017-02-01,56.00000000000001,50.617283950617285,46.0,34.0,39.189189189189186,52.74725274725275,44.0,57.99999999999999,17.0,28.999999999999996,38.46153846153847,49.0,45.26315789473684,9.0,6.0,38.285228149555635
2017-03-01,56.99999999999999,53.086419753086425,47.0,34.0,40.54054054054054,53.84615384615385,44.0,48.0,17.0,27.0,56.92307692307692,49.0,45.26315789473684,7.000000000000001,6.0,39.04395659717297
2017-04-01,55.00000000000001,88.88888888888889,42.0,33.0,41.891891891891895,58.24175824175825,46.0,158.0,27.0,25.0,36.92307692307693,56.00000000000001,52.63157894736842,7.000000000000001,7.000000000000001,48.97181299286562
2017-05-01,56.00000000000001,67.90123456790124,42.0,33.0,40.54054054054054,57.14285714285714,45.0,64.0,17.0,31.0,50.76923076923077,59.0,50.526315789473685,6.0,6.0,41.72534525400022
2017-06-01,56.00000000000001,50.617283950617285,30.0,31.0,32.432432432432435,53.84615384615385,42.0,40.0,14.000000000000002,37.0,76.92307692307693,44.0,40.0,6.0,5.0,37.2545964768187
2017-07-01,56.99999999999999,44.44444444444444,28.000000000000004,35.0,29.72972972972973,51.64835164835166,46.0,60.0,17.0,18.0,24.615384615384617,39.0,47.368421052631575,6.0,6.0,33.98708876603613
2017-08-01,56.00000000000001,49.382716049382715,30.0,38.0,32.432432432432435,50.54945054945055,42.0,78.0,21.0,23.0,46.15384615384615,46.0,41.05263157894737,5.0,5.0,37.57140511760395
2017-09-01,59.0,58.0246913580247,41.0,36.0,33.78378378378378,56.043956043956044,42.0,70.0,20.0,19.0,32.30769230769231,50.0,42.10526315789473,5.0,6.0,38.01769244342344
2017-10-01,57.99999999999999,45.67901234567901,44.0,36.0,32.432432432432435,52.74725274725275,43.0,40.0,16.0,34.0,52.307692307692314,51.0,46.31578947368421,5.0,6.0,37.49881195378271
2017-11-01,57.99999999999999,45.67901234567901,43.0,37.0,32.432432432432435,50.54945054945055,45.0,60.0,16.0,26.0,41.53846153846154,48.0,48.421052631578945,5.0,6.0,37.508027299840165
2017-12-01,63.0,54.32098765432099,41.0,33.0,32.432432432432435,48.35164835164835,43.0,52.0,15.0,18.0,29.230769230769234,45.0,44.21052631578947,5.0,6.0,35.3030909323307
2018-01-01,56.99999999999999,54.32098765432099,37.0,34.0,32.432432432432435,50.54945054945055,42.0,108.0,16.0,18.0,21.53846153846154,56.99999999999999,42.10526315789473,4.0,6.0,38.66310635550401
2018-02-01,56.00000000000001,46.913580246913575,41.0,33.0,33.78378378378378,57.14285714285714,44.0,42.0,15.0,19.0,24.615384615384617,68.0,42.10526315789473,4.0,7.000000000000001,35.570724596455584
2018-03-01,56.00000000000001,51.85185185185185,40.0,35.0,36.486486486486484,52.74725274725275,43.0,56.00000000000001,17.0,20.0,24.615384615384617,59.0,53.68421052631579,5.0,6.0,37.0923457484861
2018-04-01,54.0,48.148148148148145,42.0,32.0,45.94594594594595,52.74725274725275,43.0,76.0,17.0,19.0,24.615384615384617,50.0,105.26315789473684,4.0,6.0,41.314659290097886
2018-05-01,52.0,48.148148148148145,40.0,31.0,40.54054054054054,53.84615384615385,43.0,50.0,14.000000000000002,20.0,23.076923076923077,47.0,97.89473684210527,4.0,6.0,38.03376683025806
2018-06-01,53.0,40.74074074074074,28.999999999999996,31.0,31.08108108108108,59.34065934065934,41.0,40.0,13.0,14.000000000000002,18.461538461538463,41.0,50.526315789473685,4.0,5.0,31.410022360899553
2018-07-01,54.0,40.74074074074074,25.0,34.0,29.72972972972973,50.54945054945055,42.0,36.0,12.0,14.000000000000002,20.0,41.0,45.26315789473684,3.0,5.0,30.15220526097719
2018-08-01,59.0,44.44444444444444,30.0,32.0,29.72972972972973,51.64835164835166,39.0,36.0,12.0,14.000000000000002,21.53846153846154,40.0,47.368421052631575,3.0,5.0,30.98196056090793
2018-09-01,56.99999999999999,40.74074074074074,39.0,31.0,29.72972972972973,51.64835164835166,40.0,34.0,13.0,15.0,20.0,46.0,43.15789473684211,3.0,5.0,31.218447790377613
2018-10-01,57.99999999999999,51.85185185185185,41.0,30.0,31.08108108108108,53.84615384615385,41.0,40.0,13.0,18.0,24.615384615384617,54.0,38.94736842105263,3.0,5.0,33.556122654368274
2018-11-01,59.0,44.44444444444444,39.0,33.0,31.08108108108108,59.34065934065934,44.0,36.0,17.0,17.0,23.076923076923077,49.0,43.15789473684211,3.0,6.0,33.60673351199667
2018-12-01,62.0,53.086419753086425,33.0,33.0,27.027027027027028,51.64835164835166,42.0,40.0,16.0,15.0,20.0,51.0,44.21052631578947,3.0,6.0,33.13148831628364
2019-01-01,55.00000000000001,40.74074074074074,35.0,34.0,31.08108108108108,57.14285714285714,43.0,36.0,15.0,15.0,24.615384615384617,45.0,41.05263157894737,3.0,6.0,32.10884634393407
2019-02-01,66.0,48.148148148148145,41.0,39.0,32.432432432432435,58.24175824175825,43.0,48.0,15.0,20.0,43.07692307692308,54.0,42.10526315789473,3.0,6.0,37.26696833714378
2019-03-01,56.00000000000001,49.382716049382715,41.0,39.0,32.432432432432435,59.34065934065934,43.0,52.0,14.000000000000002,23.0,44.61538461538462,67.0,42.10526315789473,4.0,5.0,38.12509703971692
2019-04-01,52.0,48.148148148148145,40.0,38.0,35.13513513513514,61.53846153846154,44.0,42.0,14.000000000000002,21.0,29.230769230769234,61.0,49.473684210526315,4.0,5.0,36.30174655086935
2019-05-01,52.0,41.9753086419753,39.0,36.0,33.78378378378378,52.74725274725275,42.0,48.0,13.0,18.0,23.076923076923077,50.0,46.31578947368421,4.0,5.0,33.65993718157461
2019-06-01,54.0,39.50617283950617,30.0,33.0,32.432432432432435,50.54945054945055,41.0,38.0,14.000000000000002,14.000000000000002,18.461538461538463,45.0,34.73684210526316,5.0,5.0,30.31242909254605
2019-07-01,54.0,37.03703703703704,27.0,32.0,33.78378378378378,49.45054945054945,40.0,40.0,14.000000000000002,13.0,18.461538461538463,41.0,32.631578947368425,4.0,5.0,29.424299178685146
2019-08-01,56.99999999999999,40.74074074074074,30.0,31.0,28.37837837837838,58.24175824175825,41.0,48.0,20.0,16.0,23.076923076923077,52.0,32.631578947368425,7.000000000000001,5.0,32.671291959011256
2019-09-01,56.99999999999999,38.2716049382716,40.0,32.0,28.37837837837838,51.64835164835166,41.0,42.0,16.0,16.0,21.53846153846154,54.0,35.78947368421053,13.0,5.0,32.77508467917825
2019-10-01,55.00000000000001,39.50617283950617,40.0,30.0,31.08108108108108,54.94505494505495,42.0,36.0,15.0,15.0,21.53846153846154,51.0,47.368421052631575,23.0,5.0,33.76261276378236
2019-11-01,57.99999999999999,40.74074074074074,39.0,28.000000000000004,27.027027027027028,53.84615384615385,45.0,38.0,17.0,15.0,26.153846153846157,50.0,38.94736842105263,26.0,5.0,33.84767574592136
2019-12-01,61.0,41.9753086419753,34.0,32.0,27.027027027027028,52.74725274725275,42.0,40.0,16.0,14.000000000000002,23.076923076923077,48.0,38.94736842105263,19.0,5.0,32.984925327615386
2020-01-01,61.0,45.67901234567901,41.0,31.0,29.72972972972973,74.72527472527473,50.0,115.99999999999999,20.0,15.0,26.153846153846157,54.0,49.473684210526315,13.0,6.0,42.184103144337065
2020-02-01,55.00000000000001,38.2716049382716,39.0,31.0,31.08108108108108,56.043956043956044,42.0,36.0,15.0,15.0,21.53846153846154,50.0,36.84210526315789,13.0,5.0,32.318480590995215
2020-03-01,51.0,35.80246913580247,38.0,38.0,32.432432432432435,50.54945054945055,42.0,38.0,16.0,13.0,16.923076923076923,61.0,40.0,20.0,6.0,33.24716193605082
2020-04-01,50.0,41.9753086419753,39.0,44.0,37.83783783783784,59.34065934065934,40.0,40.0,18.0,13.0,20.0,53.0,47.368421052631575,23.0,7.000000000000001,35.568148458206934
2020-05-01,55.00000000000001,43.20987654320987,39.0,43.0,39.189189189189186,81.31868131868131,41.0,48.0,20.0,14.000000000000002,24.615384615384617,51.0,46.31578947368421,16.0,7.000000000000001,37.90992807600995
2020-06-01,60.0,39.50617283950617,33.0,39.0,31.08108108108108,109.8901098901099,43.0,42.0,17.0,19.0,30.76923076923077,51.0,37.89473684210527,14.000000000000002,6.0,38.209422094802214
2020-07-01,59.0,40.74074074074074,30.0,39.0,29.72972972972973,63.73626373626373,41.0,42.0,16.0,14.000000000000002,18.461538461538463,43.0,34.73684210526316,10.0,6.0,32.493674318235726
2020-08-01,55.00000000000001,53.086419753086425,31.0,35.0,27.027027027027028,61.53846153846154,38.0,42.0,20.0,11.0,18.461538461538463,43.0,35.78947368421053,11.0,6.0,32.526861364288266
2020-09-01,53.0,38.2716049382716,48.0,35.0,28.37837837837838,60.43956043956044,42.0,38.0,17.0,15.0,23.076923076923077,51.0,37.89473684210527,8.0,5.0,33.337413578349256
2020-10-01,53.0,45.67901234567901,47.0,33.0,27.027027027027028,53.84615384615385,39.0,42.0,16.0,15.0,23.076923076923077,49.0,37.89473684210527,8.0,5.0,32.96825687585922
2020-11-01,52.0,61.72839506172839,39.0,30.0,25.675675675675674,51.64835164835166,41.0,34.0,17.0,14.000000000000002,24.615384615384617,46.0,49.473684210526315,7.000000000000001,5.0,33.209432747444446
2020-12-01,60.0,80.24691358024691,33.0,32.0,27.027027027027028,51.64835164835166,38.0,38.0,16.0,12.0,18.461538461538463,40.0,45.26315789473684,7.000000000000001,6.0,33.643132574126724
2021-01-01,56.99999999999999,41.9753086419753,35.0,32.0,33.78378378378378,61.53846153846154,43.0,36.0,17.0,18.0,21.53846153846154,50.0,42.10526315789473,6.0,6.0,33.39608524403846
2021-02-01,53.0,39.50617283950617,39.0,31.0,32.432432432432435,57.14285714285714,37.0,36.0,16.0,13.0,15.384615384615385,44.0,40.0,6.0,5.0,30.964405186627406
2021-03-01,50.0,38.2716049382716,39.0,31.0,48.64864864864865,59.34065934065934,37.0,38.0,16.0,13.0,15.384615384615385,46.0,40.0,5.0,5.0,32.10970188747966
2021-04-01,54.0,35.80246913580247,38.0,31.0,40.54054054054054,74.72527472527473,40.0,36.0,22.0,12.0,15.384615384615385,45.0,36.84210526315789,6.0,5.0,32.81966700329273
2021-05-01,72.0,35.80246913580247,61.0,32.0,35.13513513513514,65.93406593406593,40.0,56.00000000000001,15.0,14.000000000000002,20.0,46.0,37.89473684210527,5.0,6.0,36.11776046980726
2021-06-01,56.00000000000001,34.5679012345679,32.0,31.0,32.432432432432435,58.24175824175825,37.0,32.0,16.0,11.0,15.384615384615385,41.0,31.57894736842105,4.0,5.0,29.147043644119666
2021-07-01,56.99999999999999,38.2716049382716,26.0,33.0,31.08108108108108,57.14285714285714,39.0,32.0,15.0,10.0,13.846153846153847,40.0,37.89473684210527,5.0,5.0,29.349095590031265
2021-08-01,57.99999999999999,38.2716049382716,28.000000000000004,34.0,31.08108108108108,60.43956043956044,42.0,32.0,15.0,12.0,26.153846153846157,46.0,35.78947368421053,4.0,5.0,31.182371086464652
2021-09-01,51.0,32.098765432098766,36.0,31.0,29.72972972972973,56.043956043956044,41.0,34.0,14.000000000000002,14.000000000000002,24.615384615384617,49.0,32.631578947368425,4.0,5.0,30.274627651235843
2021-10-01,54.0,38.2716049382716,38.0,32.0,39.189189189189186,56.043956043956044,36.0,44.0,14.000000000000002,12.0,15.384615384615385,51.0,31.57894736842105,3.0,5.0,31.297887528296883
2021-11-01,59.0,40.74074074074074,38.0,53.0,39.189189189189186,58.24175824175825,39.0,34.0,14.000000000000002,13.0,18.461538461538463,49.0,30.526315789473685,4.0,4.0,32.94396949484669
2021-12-01,59.0,43.20987654320987,32.0,53.0,41.891891891891895,54.94505494505495,38.0,36.0,15.0,12.0,13.846153846153847,80.0,31.57894736842105,4.0,5.0,34.63146163964878
2022-01-01,60.0,46.913580246913575,40.0,54.0,43.24324324324324,59.34065934065934,42.0,50.0,18.0,12.0,18.461538461538463,48.0,42.10526315789473,4.0,6.0,36.270952296683284
2022-02-01,61.0,61.72839506172839,86.0,55.00000000000001,135.13513513513513,61.53846153846154,57.99999999999999,124.0,44.0,15.0,18.461538461538463,66.0,66.3157894736842,5.0,10.0,57.81195464470318
2022-03-01,60.0,70.37037037037037,74.0,54.0,100.0,67.03296703296702,56.00000000000001,200.0,38.0,15.0,18.461538461538463,64.0,65.26315789473685,5.0,11.0,59.875202250640854
2022-04-01,54.0,43.20987654320987,64.0,48.0,58.108108108108105,59.34065934065934,47.0,110.00000000000001,24.0,15.0,18.461538461538463,61.0,51.578947368421055,5.0,8.0,44.44660865479579
2022-05-01,51.0,40.74074074074074,55.00000000000001,45.0,54.054054054054056,68.13186813186813,46.0,70.0,22.0,16.0,18.461538461538463,55.00000000000001,48.421052631578945,5.0,7.000000000000001,40.12061693465203
2022-06-01,57.99999999999999,37.03703703703704,41.0,43.0,40.54054054054054,61.53846153846154,42.0,54.0,18.0,13.0,16.923076923076923,54.0,41.05263157894737,6.0,6.0,35.47278317453756
2022-07-01,64.0,38.2716049382716,33.0,41.0,40.54054054054054,59.34065934065934,42.0,48.0,20.0,10.0,15.384615384615385,46.0,37.89473684210527,5.0,6.0,33.762143803079475
2022-08-01,60.0,37.03703703703704,37.0,40.0,35.13513513513514,60.43956043956044,44.0,60.0,19.0,11.0,16.923076923076923,46.0,36.84210526315789,5.0,6.0,34.29179431986449
2022-09-01,56.99999999999999,38.2716049382716,53.0,41.0,43.24324324324324,61.53846153846154,46.0,46.0,21.0,13.0,16.923076923076923,57.99999999999999,42.10526315789473,9.0,6.0,36.8054433200632
2022-10-01,56.00000000000001,43.20987654320987,51.0,40.0,39.189189189189186,64.83516483516483,44.0,74.0,27.0,13.0,18.461538461538463,61.0,44.21052631578947,15.0,6.0,39.79375302299279
2022-11-01,53.0,38.2716049382716,49.0,37.0,37.83783783783784,65.93406593406593,43.0,96.0,23.0,14.000000000000002,16.923076923076923,53.0,60.0,15.0,6.0,40.53110570888349
2022-12-01,52.0,45.67901234567901,41.0,36.0,35.13513513513514,56.043956043956044,42.0,60.0,22.0,13.0,16.923076923076923,48.0,49.473684210526315,9.0,6.0,35.48365764389156
2023-01-01,54.0,41.9753086419753,46.0,40.0,37.83783783783784,62.637362637362635,42.0,52.0,24.0,13.0,18.461538461538463,51.0,46.31578947368421,6.0,6.0,36.08185580349323
2023-02-01,53.0,43.20987654320987,50.0,45.0,41.891891891891895,62.637362637362635,45.0,62.0,25.0,14.000000000000002,16.923076923076923,57.99999999999999,45.26315789473684,6.0,7.000000000000001,38.328357726018545
2023-03-01,48.0,40.74074074074074,51.0,42.0,43.24324324324324,59.34065934065934,43.0,52.0,20.0,14.000000000000002,18.461538461538463,57.99999999999999,42.10526315789473,5.0,7.000000000000001,36.25942966293844
2023-04-01,48.0,38.2716049382716,47.0,38.0,44.5945945945946,58.24175824175825,43.0,54.0,22.0,13.0,16.923076923076923,55.00000000000001,40.0,5.0,6.0,35.26873564651342
2023-05-01,53.0,39.50617283950617,50.0,40.0,43.24324324324324,57.14285714285714,42.0,62.0,20.0,14.000000000000002,16.923076923076923,56.99999999999999,41.05263157894737,4.0,6.0,36.39119878184206
2023-06-01,48.0,38.2716049382716,37.0,39.0,105.40540540540539,56.043956043956044,40.0,44.0,21.0,11.0,15.384615384615385,48.0,36.84210526315789,4.0,6.0,36.66317913569375
2023-07-01,51.0,56.79012345679012,31.0,39.0,112.16216216216218,54.94505494505495,40.0,46.0,25.0,10.0,13.846153846153847,45.0,36.84210526315789,5.0,6.0,38.1723733115546
2023-08-01,46.0,48.148148148148145,34.0,41.0,64.86486486486487,52.74725274725275,42.0,44.0,22.0,10.0,13.846153846153847,49.0,35.78947368421053,6.0,6.0,34.35972621937535
2023-09-01,50.0,39.50617283950617,48.0,41.0,55.4054054054054,58.24175824175825,43.0,46.0,20.0,12.0,20.0,56.00000000000001,36.84210526315789,5.0,7.000000000000001,35.86636278332185
2023-10-01,48.0,49.382716049382715,94.0,39.0,60.810810810810814,64.83516483516483,48.0,60.0,22.0,18.0,43.07692307692308,74.0,52.63157894736842,7.000000000000001,7.000000000000001,45.84914624797666
2023-11-01,46.0,46.913580246913575,55.00000000000001,39.0,43.24324324324324,58.24175824175825,44.0,54.0,20.0,15.0,26.153846153846157,59.0,42.10526315789473,10.0,6.0,37.64384606957706
2023-12-01,51.0,50.617283950617285,43.0,40.0,37.83783783783784,58.24175824175825,44.0,46.0,19.0,13.0,20.0,61.0,45.26315789473684,7.000000000000001,7.000000000000001,36.19733586166335
2024-01-01,47.0,43.20987654320987,46.0,40.0,41.891891891891895,63.73626373626373,45.0,60.0,23.0,13.0,20.0,56.00000000000001,43.15789473684211,6.0,7.000000000000001,36.999728460547175
2024-02-01,53.0,46.913580246913575,54.0,44.0,41.891891891891895,63.73626373626373,49.0,52.0,23.0,13.0,18.461538461538463,69.0,46.31578947368421,5.0,7.000000000000001,39.08793758735279
2024-03-01,47.0,48.148148148148145,50.0,46.0,41.891891891891895,60.43956043956044,43.0,54.0,23.0,14.000000000000002,30.76923076923077,59.0,42.10526315789473,5.0,7.000000000000001,38.090272960448395
2024-04-01,49.0,46.913580246913575,54.0,39.0,43.24324324324324,62.637362637362635,47.0,70.0,28.000000000000004,14.000000000000002,23.076923076923077,68.0,51.578947368421055,8.0,7.000000000000001,40.76333710485757
2024-05-01,51.0,45.67901234567901,49.0,40.0,41.891891891891895,64.83516483516483,44.0,54.0,27.0,14.000000000000002,21.53846153846154,66.0,47.368421052631575,10.0,7.000000000000001,38.88753011092192
2024-06-01,46.0,39.50617283950617,36.0,41.0,37.83783783783784,58.24175824175825,45.0,46.0,24.0,11.0,23.076923076923077,48.0,42.10526315789473,6.0,8.0,34.11786367692801
2024-07-01,46.0,38.2716049382716,31.0,41.0,33.78378378378378,68.13186813186813,43.0,48.0,21.0,12.0,20.0,50.0,37.89473684210527,7.000000000000001,7.000000000000001,33.60546624640192
2024-08-01,50.0,39.50617283950617,38.0,43.0,37.83783783783784,63.73626373626373,46.0,48.0,21.0,12.0,23.076923076923077,56.00000000000001,44.21052631578947,7.000000000000001,7.000000000000001,35.75784825375469
2024-09-01,47.0,40.74074074074074,46.0,40.0,37.83783783783784,65.93406593406593,45.0,52.0,22.0,13.0,23.076923076923077,79.0,45.26315789473684,5.0,6.0,37.856848365620294
2024-10-01,51.0,48.148148148148145,52.0,43.0,39.189189189189186,64.83516483516483,46.0,80.0,23.0,14.000000000000002,23.076923076923077,67.0,44.21052631578947,5.0,6.0,40.430663437680984
2024-11-01,53.0,53.086419753086425,47.0,42.0,36.486486486486484,61.53846153846154,50.0,84.0,28.999999999999996,13.0,20.0,64.0,47.368421052631575,5.0,7.000000000000001,40.8319859220444
2024-12-01,54.0,44.44444444444444,42.0,52.0,37.83783783783784,70.32967032967034,47.0,56.00000000000001,28.000000000000004,15.0,23.076923076923077,56.00000000000001,46.31578947368421,5.0,7.000000000000001,38.933644344170666
